created_at,entry_id,field1,field2,field3,field4,field5,field6,field7,field8,latitude,longitude,elevation,status
2023-01-04T08:25:20+01:00,1,0.00000,0.00000,0.00000,0.00000,0.00000,0.00000,-4.85626,-64.46464,,,,
2023-01-04T08:28:31+01:00,2,0.00000,0.00000,0.00000,0.00000,0.00000,0.00000,-4.29841,-63.98659,,,,
2023-01-04T08:36:21+01:00,3,0.00000,0.00000,0.00000,0.00000,0.00000,0.00000,-2.93549,-62.80029,,,,
2023-01-04T08:38:21+01:00,4,0.00000,0.00000,0.00000,0.00000,0.00000,0.00000,-2.58981,-62.49503,,,,
2023-01-04T08:40:22+01:00,5,0.00000,0.00000,0.00000,0.00000,0.00000,0.00000,-2.24221,-62.18621,,,,
2023-01-04T08:42:22+01:00,6,0.00000,0.00000,0.00000,0.00000,0.00000,0.00000,-1.89847,-61.87893,,,,
2023-01-04T08:44:23+01:00,7,0.00000,0.00000,0.00000,0.00000,0.00000,0.00000,-1.55571,-61.57059,,,,
2023-01-04T08:46:23+01:00,8,0.00000,0.00000,0.00000,0.00000,0.00000,0.00000,-1.21110,-61.25863,,,,
2023-01-04T08:48:23+01:00,9,0.00000,0.00000,0.00000,0.00000,0.00000,0.00000,-0.87036,-60.94816,,,,
2023-01-04T08:50:24+01:00,10,0.00000,0.00000,0.00000,0.00000,0.00000,0.00000,-0.53065,-60.63660,,,,
2023-01-04T08:52:24+01:00,11,0.00000,0.00000,0.00000,0.00000,0.00000,0.00000,-0.18915,-60.32130,,,,
2023-01-04T08:54:26+01:00,12,0.00000,0.00000,0.00000,0.00000,0.00000,0.00000,0.14846,-60.00748,,,,
2023-01-04T08:56:29+01:00,13,0.00000,0.00000,0.00000,0.00000,0.00000,0.00000,0.49340,-59.68464,,,,
2023-01-04T08:58:31+01:00,14,0.00000,0.00000,0.00000,0.00000,0.00000,0.00000,0.83442,-59.36318,,,,
2023-01-04T09:00:34+01:00,15,0.00000,0.00000,0.00000,0.00000,0.00000,0.00000,1.17430,-59.04052,,,,
2023-01-04T09:02:36+01:00,16,2.77282,0.01032,0.02862,0.00000,0.00000,0.00000,1.51581,-58.71394,,,,
2023-01-04T09:04:40+01:00,17,2.77282,0.01032,0.02862,0.00000,0.00000,0.00000,1.85337,-58.38876,,,,
2023-01-04T09:06:46+01:00,18,4.73097,0.01519,0.07187,2.77282,0.01519,0.04213,2.19526,-58.05690,,,,
2023-01-04T09:08:48+01:00,19,0.00000,0.00000,0.00000,0.00000,0.00000,0.00000,2.54139,-57.71834,,,,
2023-01-04T09:10:52+01:00,20,0.00000,0.00000,0.00000,2.77282,0.01032,0.02862,2.87531,-57.38918,,,,
2023-01-04T09:12:55+01:00,21,0.00000,0.00000,0.00000,3.26237,0.01032,0.03367,3.21345,-57.05325,,,,
2023-01-04T09:15:00+01:00,22,0.00000,0.00000,0.00000,3.75192,0.02006,0.07528,3.54758,-56.71864,,,,
2023-01-04T09:17:04+01:00,23,0.00000,0.00000,0.00000,4.73097,0.02981,0.14102,3.88584,-56.37716,,,,
2023-01-04T09:19:07+01:00,24,0.00000,0.00000,0.00000,0.00000,0.00000,0.00000,4.22007,-56.03695,,,,
2023-01-04T09:21:09+01:00,25,0.00000,0.00000,0.00000,0.00000,0.00000,0.00000,4.55027,-55.69806,,,,
2023-01-04T09:23:11+01:00,26,0.00000,0.00000,0.00000,0.00000,0.00000,0.00000,4.87648,-55.36047,,,,
2023-01-04T09:25:24+01:00,27,12.07236,0.09800,1.18305,8.15728,0.06391,0.52129,5.20402,-55.01866,,,,
2023-01-04T09:27:25+01:00,28,3.26237,0.01032,0.03367,0.00000,0.00000,0.00000,5.55664,-54.64737,,,,
2023-01-04T09:29:27+01:00,29,0.00000,0.00000,0.00000,0.00000,0.00000,0.00000,5.87342,-54.31084,,,,
2023-01-04T09:31:30+01:00,30,0.00000,0.00000,0.00000,11.09366,0.07852,0.87104,6.19410,-53.96722,,,,
2023-01-04T09:33:32+01:00,31,0.00000,0.00000,0.00000,0.00000,0.00000,0.00000,6.51599,-53.61925,,,,
2023-01-04T09:35:35+01:00,32,0.00000,0.00000,0.00000,0.00000,0.00000,0.00000,6.83384,-53.27254,,,,
2023-01-04T09:37:38+01:00,33,9.62552,5.16929,49.75710,0.00000,0.00000,0.00000,7.15285,-52.92142,,,,
2023-01-04T09:39:47+01:00,34,12.56169,5.08862,63.92171,14.51890,4.48968,65.18520,7.47037,-52.56871,,,,
2023-01-04T09:41:57+01:00,35,0.00000,0.00000,0.00000,12.07236,4.67527,56.44152,7.80434,-52.19415,,,,
2023-01-04T09:44:00+01:00,36,0.00000,0.00000,0.00000,0.00000,0.00000,0.00000,8.13407,-51.82067,,,,
2023-01-04T09:46:11+01:00,37,46.29725,5.39686,249.86000,0.00000,0.00000,0.00000,8.44689,-51.46285,,,,
2023-01-04T09:48:12+01:00,38,22.83495,4.96994,113.48826,0.00000,0.00000,0.00000,8.77834,-51.07994,,,,
2023-01-04T09:50:18+01:00,39,23.81308,0.06391,1.52178,0.00000,0.00000,0.00000,9.08541,-50.72160,,,,
2023-01-04T09:52:19+01:00,40,25.76921,4.37062,112.62735,0.00000,0.00000,0.00000,9.40090,-50.34975,,,,
2023-01-04T09:54:23+01:00,41,57.04177,5.15980,294.32425,0.00000,0.00000,0.00000,9.69980,-49.99392,,,,
2023-01-04T09:56:25+01:00,42,52.15860,5.10286,266.15820,44.83165,5.08862,228.13145,10.00702,-49.62448,,,,
2023-01-04T09:58:31+01:00,43,23.32402,5.21198,121.56437,27.23619,3.93182,107.08781,10.31010,-49.25627,,,,
2023-01-04T10:00:38+01:00,44,25.76921,5.19775,133.94199,23.81308,5.21198,124.11335,10.61638,-48.88025,,,,
2023-01-04T10:02:39+01:00,45,34.56948,4.67051,161.45723,25.28020,5.41582,136.91292,10.92577,-48.49633,,,,
2023-01-04T10:04:40+01:00,46,0.00000,0.00000,0.00000,27.23619,5.38739,146.73190,11.21884,-48.12875,,,,
2023-01-04T10:06:54+01:00,47,52.64697,5.60050,294.84933,30.65872,5.03641,154.40994,11.51263,-47.75635,,,,
2023-01-04T10:08:47+01:00,48,43.85452,5.44424,238.75459,20.38940,5.18827,105.78563,11.83093,-47.34831,,,,
2023-01-04T10:10:58+01:00,49,48.73969,3.94615,192.33389,29.19199,5.32578,155.47005,12.09973,-46.99994,,,,
2023-01-04T10:13:04+01:00,50,29.68091,5.21198,154.69637,0.00000,0.00000,0.00000,12.40943,-46.59410,,,,
2023-01-04T10:15:16+01:00,51,52.64697,5.34000,281.13464,44.34309,4.89394,217.01233,12.70536,-46.20174,,,,
2023-01-04T10:17:11+01:00,52,38.47949,4.90344,188.68184,24.30213,5.10286,124.01045,13.01329,-45.78857,,,,
2023-01-04T10:19:02+01:00,53,41.90013,4.54204,190.31223,27.23619,5.37317,146.34471,13.27982,-45.42681,,,,
2023-01-04T10:21:05+01:00,54,40.43421,5.52475,223.38907,23.32402,5.31156,123.88686,13.53779,-45.07289,,,,
2023-01-04T10:22:55+01:00,55,49.22814,5.22621,257.27658,35.54705,5.24992,186.61920,13.81927,-44.68235,,,,
2023-01-04T10:24:55+01:00,56,40.43421,5.06964,204.98691,48.73969,4.90819,239.22365,14.06710,-44.33464,,,,
2023-01-04T10:26:42+01:00,57,67.78061,5.31630,360.34183,34.08068,5.37317,183.12132,14.33815,-43.95007,,,,
2023-01-04T10:28:50+01:00,58,69.73251,5.48213,382.28296,61.43562,5.42055,333.01511,14.57825,-43.60558,,,,
2023-01-04T10:30:51+01:00,59,56.55350,5.04591,285.36368,23.81308,5.48213,130.54651,14.86349,-43.19151,,,,
2023-01-04T10:32:55+01:00,60,55.08865,5.25466,289.47223,51.67022,5.35422,276.65347,15.13111,-42.79811,,,,
2023-01-04T10:34:59+01:00,61,52.64697,5.00793,263.65213,36.52458,4.82741,176.31924,15.40549,-42.38967,,,,
2023-01-04T10:37:17+01:00,62,69.73251,4.93669,344.24789,58.50649,4.75136,277.98523,15.67340,-41.98575,,,,
2023-01-04T10:39:12+01:00,63,58.01826,4.94144,286.69385,42.87735,4.54204,194.75082,15.97363,-41.52684,,,,
2023-01-04T10:41:09+01:00,64,48.25122,5.69041,274.56912,37.99078,4.94144,187.72919,16.21784,-41.14855,,,,
2023-01-04T10:43:01+01:00,65,58.50649,4.76562,278.81973,34.56948,4.76562,164.74501,16.46656,-40.75848,,,,
2023-01-04T10:44:57+01:00,66,42.87735,4.96519,212.89412,23.32402,5.33052,124.32909,16.70282,-40.38333,,,,
2023-01-04T10:46:47+01:00,67,84.85342,4.82266,409.21930,30.65872,4.93669,151.35263,16.94768,-39.98964,,,,
2023-01-04T10:48:52+01:00,68,18.92193,5.62416,106.42005,42.87735,5.30208,227.33894,17.17400,-39.62117,,,,
2023-01-04T10:50:38+01:00,69,70.70840,5.36843,379.59326,69.73251,4.53728,316.39624,17.43342,-39.19322,,,,
2023-01-04T10:52:31+01:00,70,63.38813,5.14082,325.86725,37.99078,4.77513,181.41083,17.64781,-38.83493,,,,
2023-01-04T10:54:14+01:00,71,53.62368,4.79890,257.33447,37.01332,4.91294,181.84425,17.87666,-38.44766,,,,
2023-01-04T10:56:06+01:00,72,52.64697,4.69905,247.39078,39.94555,5.10286,203.83665,18.08557,-38.08968,,,,
2023-01-04T10:57:48+01:00,73,48.73969,4.99368,243.39044,39.45687,5.04116,198.90837,18.30671,-37.70594,,,,
2023-01-04T10:59:28+01:00,74,56.55350,4.97469,281.33594,32.12534,5.56736,178.85350,18.51019,-37.34835,,,,
2023-01-04T11:01:13+01:00,75,48.25122,4.70856,227.19388,42.38874,5.07439,215.09688,18.70617,-36.99976,,,,
2023-01-04T11:02:52+01:00,76,53.13533,5.10761,271.39444,45.32019,4.86543,220.50224,18.91024,-36.63226,,,,
2023-01-04T11:04:53+01:00,77,73.63577,5.49634,404.72733,36.52458,5.47740,200.05963,19.09913,-36.28786,,,,
2023-01-04T11:06:51+01:00,78,62.41190,5.38739,336.23709,68.75658,4.76562,327.66776,19.33021,-35.86082,,,,
2023-01-04T11:08:38+01:00,79,59.48291,4.65624,276.96695,28.21411,5.65256,159.48187,19.55516,-35.43884,,,,
2023-01-04T11:10:41+01:00,80,92.65334,5.31156,492.13345,48.73969,4.83692,235.74989,19.75357,-35.06131,,,,
2023-01-04T11:12:21+01:00,81,77.05049,5.01267,386.22894,45.32019,4.87493,220.93294,19.98333,-34.61767,,,,
2023-01-04T11:14:18+01:00,82,108.73120,3.95092,429.58829,63.87624,4.69429,299.85388,20.16492,-34.26194,,,,
2023-01-04T11:16:01+01:00,83,83.87822,5.15031,431.99911,59.48291,5.07439,301.83929,20.37739,-33.83977,,,,
2023-01-04T11:18:08+01:00,84,69.24456,5.10286,353.34549,88.75376,5.26889,467.63358,20.56252,-33.46655,,,,
2023-01-04T11:19:56+01:00,85,84.85342,5.38739,457.13831,51.67022,5.18827,268.07880,20.79004,-33.00069,,,,
2023-01-04T11:21:45+01:00,86,86.31614,5.41108,467.06342,59.48291,5.10286,303.53314,20.97981,-32.60584,,,,
2023-01-04T11:23:28+01:00,87,77.53826,5.24518,406.70203,58.01826,5.14557,298.53699,21.16926,-32.20572,,,,
2023-01-04T11:25:20+01:00,88,88.26626,4.79890,423.58063,58.99471,5.25466,309.99728,21.34466,-31.82979,,,,
2023-01-04T11:27:12+01:00,89,77.05049,4.97943,383.66791,66.31656,5.21198,345.64066,21.53681,-31.41166,,,,
2023-01-04T11:28:59+01:00,90,88.75376,5.29259,469.73758,73.14790,4.13704,302.61548,21.72333,-30.99922,,,,
2023-01-04T11:30:58+01:00,91,84.36582,5.59103,471.69208,64.85240,5.67148,367.80930,21.90268,-30.59629,,,,
2023-01-04T11:32:56+01:00,92,79.97694,5.31630,425.18115,87.77875,5.25940,461.66394,22.09620,-30.15423,,,,
2023-01-04T11:34:49+01:00,93,74.12362,5.06489,375.42825,73.14790,4.86068,355.54843,22.28717,-29.71028,,,,
2023-01-04T11:36:32+01:00,94,61.92377,5.03641,311.87360,53.13533,4.76562,253.22281,22.46762,-29.28338,,,,
2023-01-04T11:38:12+01:00,95,70.70840,5.12659,362.49292,49.71658,5.05065,251.10120,22.63002,-28.89274,,,,
2023-01-04T11:40:16+01:00,96,88.75376,5.39686,478.99200,74.12362,5.16455,382.81485,22.78579,-28.51213,,,,
2023-01-04T11:42:13+01:00,97,87.77875,5.18352,455.00305,93.14074,4.31344,401.75693,22.97630,-28.03829,,,,
2023-01-04T11:44:08+01:00,98,74.61146,4.82266,359.82578,93.62813,5.27363,493.76004,23.15486,-27.58550,,,,
2023-01-04T11:46:07+01:00,99,83.39060,5.17878,431.86142,81.44001,5.17878,421.75974,23.32630,-27.14244,,,,
2023-01-04T11:47:58+01:00,100,65.34046,5.06015,330.63232,59.48291,5.20250,309.45956,23.49954,-26.68601,,,,
2023-01-04T11:49:50+01:00,101,80.46465,5.51055,443.40430,55.57694,4.99368,277.53351,23.66001,-26.25501,,,,
2023-01-04T11:51:47+01:00,102,91.19109,5.20724,474.85370,81.92767,4.94619,405.22992,23.81946,-25.81850,,,,
2023-01-04T11:53:38+01:00,103,85.34100,5.48213,467.85080,51.18183,4.65624,238.31506,23.98336,-25.36079,,,,
2023-01-04T11:55:37+01:00,104,64.85240,4.80365,311.52820,51.67022,5.28785,273.22452,24.13631,-24.92494,,,,
2023-01-04T11:57:21+01:00,105,69.73251,5.54369,386.57565,56.06523,4.85593,272.24866,24.29754,-24.45594,,,,
2023-01-04T11:59:00+01:00,106,84.85342,5.48687,465.57968,54.11201,5.10286,276.12616,24.43608,-24.04461,,,,
2023-01-04T12:00:52+01:00,107,74.61146,5.08862,379.66974,66.80459,4.01775,268.40424,24.56590,-23.65181,,,,
2023-01-04T12:02:34+01:00,108,108.73120,4.95094,538.32172,46.78576,5.16455,241.62723,24.71033,-23.20599,,,,
2023-01-04T12:04:39+01:00,109,80.46465,4.91294,395.31805,73.14790,5.50108,402.39221,24.84086,-22.79464,,,,
2023-01-04T12:06:27+01:00,110,105.32182,5.37317,565.91217,80.46465,5.07913,408.69064,24.99507,-22.29773,,,,
2023-01-04T12:08:24+01:00,111,66.31656,5.59577,371.09195,83.87822,4.99368,418.86105,25.12795,-21.85943,,,,
2023-01-04T12:10:21+01:00,112,76.56271,5.15031,394.32193,90.21619,5.31630,479.61606,25.26660,-21.39144,,,,
2023-01-04T12:12:18+01:00,113,89.24125,5.21198,465.12372,73.14790,4.92244,360.06622,25.40354,-20.91786,,,,
2023-01-04T12:14:01+01:00,114,67.78061,4.95094,335.57776,81.44001,4.82266,392.75757,25.53756,-20.44270,,,,
2023-01-04T12:16:03+01:00,115,83.87822,4.87968,409.29929,62.41190,4.96044,309.59042,25.65309,-20.02313,,,,
2023-01-04T12:17:38+01:00,116,73.63577,4.69905,346.01819,52.15860,4.66576,243.35937,25.78695,-19.52465,,,,
2023-01-04T12:19:11+01:00,117,88.75376,5.02217,445.73639,50.20501,4.72758,237.34836,25.88894,-19.13536,,,,
2023-01-04T12:21:14+01:00,118,88.75376,5.38739,478.15094,77.05049,5.40634,416.56119,25.98687,-18.75334,,,,
2023-01-04T12:22:57+01:00,119,69.24456,5.16929,357.94522,63.38813,5.31156,336.68964,26.11446,-18.24255,,,,
2023-01-04T12:24:22+01:00,120,73.63577,5.14082,378.54852,55.57694,5.21198,289.66599,26.21686,-17.82120,,,,
2023-01-04T12:26:00+01:00,121,73.63577,4.44206,327.09473,58.99471,4.72758,278.90240,26.30043,-17.46926,,,,
2023-01-04T12:27:50+01:00,122,88.26626,4.76087,420.22385,57.04177,4.96994,283.49402,26.39572,-17.05844,,,,
2023-01-04T12:29:44+01:00,123,103.37334,4.94144,510.81326,58.01826,5.12184,297.16052,26.49809,-16.60500,,,,
2023-01-04T12:31:31+01:00,124,75.09929,4.93669,370.74200,64.85240,5.07439,329.08615,26.60228,-16.12954,,,,
2023-01-04T12:33:14+01:00,125,88.26626,4.55632,402.16959,59.48291,5.45371,324.40286,26.69739,-15.68217,,,,
2023-01-04T12:34:51+01:00,126,79.00150,5.34000,421.86774,59.48291,4.82266,286.86594,26.78733,-15.24633,,,,
2023-01-04T12:36:48+01:00,127,74.61146,5.71879,426.68729,91.19109,4.75136,433.28140,26.86815,-14.84315,,,,
2023-01-04T12:38:31+01:00,128,79.48923,5.13133,407.88580,95.09021,5.24518,498.76514,26.96378,-14.35067,,,,
2023-01-04T12:40:19+01:00,129,83.87822,4.93194,413.68246,86.31614,5.50108,474.83176,27.04535,-13.91616,,,,
2023-01-04T12:42:04+01:00,130,101.91186,5.01742,511.33472,66.31656,5.34948,354.75882,27.12899,-13.45538,,,,
2023-01-04T12:43:42+01:00,131,97.52677,5.06015,493.49979,60.94746,5.18352,315.92249,27.20622,-13.01483,,,,
2023-01-04T12:45:22+01:00,132,123.33635,5.10286,629.36847,62.41190,5.36843,335.05408,27.27738,-12.59467,,,,
2023-01-04T12:47:14+01:00,133,80.46465,5.68568,457.49594,84.36582,4.95094,417.69019,27.34625,-12.17376,,,,
2023-01-04T12:49:15+01:00,134,99.47581,5.10286,507.61145,67.29260,4.84167,325.80865,27.42203,-11.69243,,,,
2023-01-04T12:51:02+01:00,135,83.39060,5.10286,425.53079,83.87822,5.24992,440.35400,27.49920,-11.18030,,,,
2023-01-04T12:52:39+01:00,136,81.92767,5.24044,429.33676,63.38813,5.06015,320.75327,27.56573,-10.71854,,,,
2023-01-04T12:54:15+01:00,137,86.80368,4.73234,410.78439,58.99471,5.30682,313.07404,27.62254,-10.30743,,,,
2023-01-04T12:56:00+01:00,138,74.12362,5.40634,400.73752,74.61146,4.76562,355.56989,27.67771,-9.89142,,,,
2023-01-04T12:58:01+01:00,139,98.01405,4.96044,486.19275,104.34760,4.48492,467.99054,27.73489,-9.44048,,,,
2023-01-04T12:59:52+01:00,140,79.97694,5.04116,403.17651,77.53826,5.24518,406.70203,27.79699,-8.92430,,,,
2023-01-04T13:01:39+01:00,141,98.50132,4.66576,459.58325,93.62813,4.76562,446.19611,27.85136,-8.44613,,,,
2023-01-04T13:03:07+01:00,142,95.57755,5.31156,507.66553,80.46465,5.71879,460.16046,27.90140,-7.98026,,,,
2023-01-04T13:04:49+01:00,143,109.21822,5.16929,564.58063,74.12362,5.00318,370.85364,27.94008,-7.60022,,,,
2023-01-04T13:06:25+01:00,144,75.58710,5.11710,386.78671,70.70840,4.97469,351.75208,27.98258,-7.15925,,,,
2023-01-04T13:07:56+01:00,145,108.24419,5.19301,562.11298,121.87631,5.08388,619.60443,28.01988,-6.74814,,,,
2023-01-04T13:09:34+01:00,146,99.47581,5.13133,510.44366,102.39902,4.79414,490.91553,28.05391,-6.34963,,,,
2023-01-04T13:11:27+01:00,147,99.47581,4.37062,434.77063,98.50132,4.68954,461.92578,28.08755,-5.92908,,,,
2023-01-04T13:12:51+01:00,148,128.68892,5.28311,679.87793,99.47581,5.17403,514.69128,28.12416,-5.43438,,,,
2023-01-04T13:14:40+01:00,149,149.11296,5.11235,762.31824,121.87631,5.17878,631.17041,28.14910,-5.06959,,,,
2023-01-04T13:16:19+01:00,150,133.55367,4.89869,654.23785,83.39060,5.07913,423.55197,28.17862,-4.60021,,,,
2023-01-04T13:17:46+01:00,151,90.70364,5.29733,480.48755,86.31614,5.02217,433.49426,28.20317,-4.16967,,,,
2023-01-04T13:19:13+01:00,152,99.96305,5.36843,536.64490,109.21822,4.51824,493.47458,28.22297,-3.78673,,,,
2023-01-04T13:20:32+01:00,153,129.66196,4.96044,643.18024,146.68262,5.14557,754.76550,28.24048,-3.41231,,,,
2023-01-04T13:21:48+01:00,154,134.04007,5.19301,696.07123,121.87631,5.19775,633.48285,28.25514,-3.06388,,,,
2023-01-04T13:23:19+01:00,155,136.47195,4.60867,628.95404,106.78305,5.22147,557.56415,28.26760,-2.73274,,,,
2023-01-04T13:24:43+01:00,156,125.76951,5.34474,672.20483,105.80891,5.24992,555.48840,28.28065,-2.33611,,,,
2023-01-04T13:26:21+01:00,157,156.88809,5.10286,800.57843,133.55367,5.24992,701.14618,28.29089,-1.96990,,,,
2023-01-04T13:27:33+01:00,158,122.84968,5.12659,629.79987,102.39902,5.10286,522.52820,28.30063,-1.54252,,,,
2023-01-04T13:29:07+01:00,159,123.82301,4.77037,590.68207,94.11550,5.20724,490.08185,28.30621,-1.23284,,,,
2023-01-04T13:30:53+01:00,160,123.33635,4.97469,613.55963,113.11385,4.78939,541.74628,28.31172,-0.81840,,,,
2023-01-04T13:32:40+01:00,161,123.33635,5.14557,634.63568,116.03510,5.21198,604.77277,28.31523,-0.36030,,,,
2023-01-04T13:33:50+01:00,162,130.63496,5.20250,679.62775,114.57453,5.17878,593.35608,28.31599,0.10657,,,,
2023-01-04T13:35:12+01:00,163,136.95828,5.19775,711.87518,152.02899,4.96519,754.85260,28.31496,0.41199,,,,
2023-01-04T13:36:36+01:00,164,169.03073,5.29259,894.61096,132.09436,5.00318,660.89154,28.31222,0.76977,,,,
2023-01-04T13:37:25+01:00,165,184.07742,5.29259,974.24695,252.85683,5.15031,1302.29187,28.30769,1.13621,,,,
2023-01-04T13:38:42+01:00,166,281.36459,5.35895,1507.82007,297.77423,5.22621,1556.23059,28.30424,1.34996,,,,
2023-01-04T13:39:32+01:00,167,296.32687,4.41825,1309.24646,331.03448,5.31156,1758.30835,28.29763,1.68580,,,,
2023-01-04T13:40:23+01:00,168,424.72873,5.33052,2264.02368,394.02698,5.51055,2171.30469,28.29255,1.90384,,,,
2023-01-04T13:40:58+01:00,169,284.74414,5.22621,1488.13257,369.52713,5.46793,2020.54663,28.28673,2.12621,,,,
2023-01-04T13:41:43+01:00,170,501.27277,5.04116,2526.99585,450.59592,5.13608,2314.29639,28.28224,2.28316,,,,
2023-01-04T13:43:09+01:00,171,333.92404,5.02217,1677.02295,394.02698,4.96994,1958.28943,28.27618,2.47932,,,,
2023-01-04T13:43:57+01:00,172,251.40619,5.03166,1264.99158,304.04492,4.96994,1511.08423,28.26336,2.84974,,,,
2023-01-04T13:44:49+01:00,173,295.84439,5.21198,1541.93542,301.15100,5.38739,1622.41724,28.25534,3.05887,,,,
2023-01-04T13:45:54+01:00,174,366.64279,4.95569,1816.96802,302.11569,5.06015,1528.74976,28.24582,3.28972,,,,
2023-01-04T13:46:35+01:00,175,392.10654,5.17878,2030.63281,327.66278,5.08388,1665.79797,28.23341,3.56842,,,,
2023-01-04T13:47:25+01:00,176,330.07120,4.83692,1596.52759,297.29181,4.80365,1428.08557,28.22492,3.74691,,,,
2023-01-04T13:48:17+01:00,177,243.18390,4.86068,1182.03882,215.10588,5.25940,1131.32886,28.21402,3.96451,,,,
2023-01-04T13:49:15+01:00,178,239.31342,5.14082,1230.26819,196.68854,5.40634,1063.36523,28.20179,4.19512,,,,
2023-01-04T13:50:24+01:00,179,179.22488,4.65624,834.51477,189.89893,5.17878,983.44440,28.18761,4.44738,,,,
2023-01-04T13:51:30+01:00,180,239.31342,5.12184,1225.72607,286.19235,4.96044,1419.63977,28.16994,4.74303,,,,
2023-01-04T13:52:01+01:00,181,389.22549,5.83228,2270.07202,610.77844,5.21198,3183.36572,28.15171,5.02984,,,,
2023-01-04T13:52:57+01:00,182,564.67133,5.18827,2929.66455,506.52414,5.44898,2760.03882,28.14249,5.16884,,,,
2023-01-04T13:54:01+01:00,183,202.99112,4.93669,1002.10449,176.31281,5.14557,907.22968,28.12604,5.40768,,,,
2023-01-04T13:55:11+01:00,184,181.65131,4.86543,883.81177,240.76494,5.31156,1278.83655,28.10566,5.68982,,,,
2023-01-04T13:55:56+01:00,185,221.88695,4.93194,1094.33350,305.49173,5.27837,1612.49854,28.08289,5.98916,,,,
2023-01-04T13:56:47+01:00,186,295.84439,4.31344,1276.10681,333.44247,5.14557,1715.75122,28.06706,6.18860,,,,
2023-01-04T13:57:11+01:00,187,471.64758,5.69514,2686.09839,591.30334,5.34474,3160.36035,28.04928,6.40531,,,,
2023-01-04T13:57:37+01:00,188,590.35284,5.07439,2995.67847,598.43066,5.34948,3201.29028,28.04016,6.51361,,,,
2023-01-04T13:58:04+01:00,189,453.46796,5.34948,2425.81592,601.28088,5.19301,3122.45679,28.03089,6.62190,,,,
2023-01-04T13:59:13+01:00,190,595.10492,4.82266,2869.98926,494.58716,4.71807,2333.49829,28.02031,6.74316,,,,
2023-01-04T13:59:49+01:00,191,280.88174,5.12184,1438.63257,471.64758,5.47266,2581.16724,27.99346,7.04181,,,,
2023-01-04T14:00:14+01:00,192,473.08212,5.34000,2526.25684,585.12421,5.17878,3030.22852,27.97899,7.19753,,,,
2023-01-04T14:00:42+01:00,193,516.54553,5.10761,2638.31226,570.85706,5.15506,2942.80127,27.96916,7.30133,,,,
2023-01-04T14:01:06+01:00,194,499.36282,5.27837,2635.82202,550.86530,5.07439,2795.30347,27.95753,7.42238,,,,
2023-01-04T14:01:38+01:00,195,485.51013,5.07439,2463.66602,518.93079,5.12659,2660.34497,27.94698,7.53043,,,,
2023-01-04T14:02:03+01:00,196,500.79529,5.15506,2581.62866,531.32953,5.23569,2781.87915,27.93325,7.66870,,,,
2023-01-04T14:02:27+01:00,197,502.22766,4.98893,2505.57983,545.14954,5.06015,2758.53662,27.92280,7.77236,,,,
2023-01-04T14:02:51+01:00,198,494.10953,5.01742,2479.15576,535.61957,5.10286,2733.19312,27.91176,7.88032,,,,
2023-01-04T14:03:16+01:00,199,486.46582,5.17878,2519.29858,557.05542,5.06964,2824.07056,27.90101,7.98393,,,,
2023-01-04T14:03:50+01:00,200,492.67654,5.07913,2502.36963,517.49963,5.29259,2738.91528,27.89013,8.08751,,,,
2023-01-04T14:04:15+01:00,201,447.72348,5.26415,2356.88184,518.93079,5.24518,2721.88477,27.87448,8.23419,,,,
2023-01-04T14:04:42+01:00,202,471.64758,5.23095,2467.16577,521.79272,5.07439,2647.77808,27.86279,8.34201,,,,
2023-01-04T14:05:12+01:00,203,497.93024,5.12659,2552.68384,526.56171,5.01267,2639.48193,27.85000,8.45842,,,,
2023-01-04T14:05:36+01:00,204,491.24347,4.93194,2422.78394,527.03857,5.05065,2661.88892,27.83558,8.58773,,,,
2023-01-04T14:06:02+01:00,205,440.06155,5.27837,2322.80786,535.61957,5.04116,2700.14355,27.82339,8.69543,,,,
2023-01-04T14:06:27+01:00,206,507.00146,5.02692,2548.65430,524.17737,5.19775,2724.54395,27.81106,8.80310,,,,
2023-01-04T14:06:57+01:00,207,480.25311,5.07913,2439.26953,534.66632,5.11710,2735.94067,27.79858,8.91075,,,,
2023-01-04T14:07:22+01:00,208,477.38501,5.15980,2463.21216,529.42255,5.26889,2789.46777,27.78289,9.04417,,,,
2023-01-04T14:07:53+01:00,209,479.29712,5.07439,2432.13892,526.56171,5.19775,2736.93726,27.77007,9.15174,,,,
2023-01-04T14:08:22+01:00,210,466.86511,5.04116,2353.54126,528.94580,5.00318,2646.40991,27.75396,9.28508,,,,
2023-01-04T14:08:48+01:00,211,469.25650,5.10286,2394.55151,523.70050,5.06489,2652.48730,27.73921,9.40545,,,,
2023-01-04T14:09:15+01:00,212,452.03198,5.07913,2295.93066,522.74664,5.18352,2709.66870,27.72482,9.52148,,,,
2023-01-04T14:10:08+01:00,213,396.42728,5.36369,2126.31445,548.48395,5.04591,2767.59839,27.71078,9.63317,,,,
2023-01-04T14:10:54+01:00,214,516.54553,5.13608,2653.01880,511.77408,5.07439,2596.93945,27.68168,9.86075,,,,
2023-01-04T14:11:21+01:00,215,495.54239,5.12659,2540.44238,524.17737,5.11235,2679.78027,27.65588,10.05811,,,,
2023-01-04T14:11:53+01:00,216,480.73108,5.11710,2459.94873,521.79272,5.17403,2699.77344,27.64050,10.17390,,,,
2023-01-04T14:12:19+01:00,217,469.73474,5.05065,2372.46729,521.31580,5.07439,2645.35791,27.62205,10.31106,,,,
2023-01-04T14:12:46+01:00,218,494.58716,4.99368,2469.81055,515.11420,5.11235,2633.44604,27.60687,10.42246,,,,
2023-01-04T14:13:11+01:00,219,480.73108,4.83217,2322.97241,521.31580,5.10761,2662.67700,27.59094,10.53811,,,,
2023-01-04T14:13:40+01:00,220,499.36282,4.95094,2472.31567,528.94580,5.06489,2679.05420,27.57604,10.64513,,,,
2023-01-04T14:14:04+01:00,221,452.51065,5.19301,2349.89160,519.40784,5.15980,2680.04150,27.55856,10.76923,,,,
2023-01-04T14:14:33+01:00,222,449.63849,5.10286,2294.44360,511.77408,5.07439,2596.93945,27.54334,10.87618,,,,
2023-01-04T14:15:01+01:00,223,486.94363,5.04116,2454.76025,528.94580,4.96519,2626.31567,27.52549,11.00018,,,,
2023-01-04T14:15:30+01:00,224,452.98929,5.03641,2281.44067,508.43335,5.04591,2565.50684,27.50807,11.11986,,,,
2023-01-04T14:16:00+01:00,225,448.20224,5.14557,2306.25537,508.43335,5.04116,2563.09351,27.49046,11.23946,,,,
2023-01-04T14:16:29+01:00,226,472.12579,5.15506,2433.83569,520.83881,5.16455,2689.89600,27.47075,11.37184,,,,
2023-01-04T14:16:56+01:00,227,466.38681,5.06964,2364.41333,523.22357,5.19301,2717.10449,27.45211,11.49560,,,,
2023-01-04T14:17:24+01:00,228,467.82172,4.96044,2320.60107,531.80627,4.96994,2643.04395,27.43457,11.61079,,,,
2023-01-04T14:17:55+01:00,229,466.86511,5.03641,2351.32495,529.89929,5.06489,2683.88354,27.41620,11.73017,,,,
2023-01-04T14:18:21+01:00,230,490.76578,5.12184,2513.62598,516.54553,5.12184,2645.66577,27.39631,11.85802,,,,
2023-01-04T14:18:50+01:00,231,459.21072,5.15031,2365.07910,511.77408,5.07439,2596.93945,27.37823,11.97304,,,,
2023-01-04T14:19:18+01:00,232,451.55331,5.14082,2321.35620,505.56943,5.27363,2666.18579,27.35862,12.09652,,,,
2023-01-04T14:19:47+01:00,233,491.24347,4.87968,2397.11328,523.22357,5.18827,2714.62280,27.33950,12.21567,,,,
2023-01-04T14:20:14+01:00,234,463.03830,5.02217,2325.45654,532.28296,5.08388,2706.06226,27.32019,12.33477,,,,
2023-01-04T14:20:48+01:00,235,502.70508,5.09337,2560.46338,514.63708,5.12184,2635.89111,27.30140,12.44956,,,,
2023-01-04T14:21:14+01:00,236,465.43015,5.05540,2352.93555,515.59131,5.10761,2633.43848,27.27678,12.59829,,,,
2023-01-04T14:21:41+01:00,237,452.03198,5.17403,2338.82886,515.11420,5.09812,2626.11230,27.25831,12.70870,,,,
2023-01-04T14:22:09+01:00,238,484.55441,4.83217,2341.44751,521.79272,5.05540,2637.87085,27.23968,12.81907,,,,
2023-01-04T14:22:37+01:00,239,470.69119,5.02217,2363.89087,526.08490,4.95569,2607.11353,27.21944,12.93785,,,,
2023-01-04T14:23:06+01:00,240,451.55331,5.24992,2370.61914,514.63708,5.10286,2626.12256,27.19828,13.06083,,,,
2023-01-04T14:23:33+01:00,241,495.06476,4.94144,2446.33325,534.66632,4.92719,2634.40356,27.17767,13.17951,,,,
2023-01-04T14:24:02+01:00,242,466.86511,5.05540,2360.18994,526.56171,5.22147,2749.42456,27.15761,13.29387,,,,
2023-01-04T14:24:31+01:00,243,474.99463,5.04591,2396.77832,518.93079,5.10761,2650.49512,27.13589,13.41666,,,,
2023-01-04T14:25:00+01:00,244,467.82172,5.18827,2427.18311,516.54553,5.11235,2640.76343,27.11397,13.53937,,,,
2023-01-04T14:25:27+01:00,245,492.19888,4.99368,2457.88428,532.28296,5.03166,2678.26929,27.09185,13.66201,,,,
2023-01-04T14:25:53+01:00,246,472.12579,4.96994,2346.43555,524.17737,5.05540,2649.92627,27.07031,13.78035,,,,
2023-01-04T14:26:22+01:00,247,488.37701,5.00318,2443.43701,515.11420,5.14082,2648.11157,27.05092,13.88597,,,,
2023-01-04T14:26:50+01:00,248,451.55331,5.14557,2323.49878,523.70050,5.04591,2642.54346,27.02825,14.00842,,,,
2023-01-04T14:27:19+01:00,249,449.63849,5.21672,2345.63989,508.91064,5.19301,2642.77734,27.00618,14.12657,,,,
2023-01-04T14:27:47+01:00,250,459.68921,5.02217,2308.63696,522.26971,5.17878,2704.71899,26.98313,14.24888,,,,
2023-01-04T14:28:15+01:00,251,462.08148,5.01267,2316.26343,516.54553,5.07439,2621.15161,26.96068,14.36691,,,,
2023-01-04T14:28:43+01:00,252,445.32944,5.15031,2293.58618,532.75964,4.99368,2660.43164,26.93806,14.48487,,,,
2023-01-04T14:29:14+01:00,253,472.12579,4.91769,2321.76880,518.93079,5.03641,2613.54907,26.91525,14.60274,,,,
2023-01-04T14:29:42+01:00,254,484.55441,4.90344,2375.98315,501.27277,5.20250,2607.86914,26.88897,14.73739,,,,
2023-01-04T14:30:10+01:00,255,492.19888,4.98418,2453.20972,521.79272,5.02692,2623.00879,26.86578,14.85513,,,,
2023-01-04T14:30:39+01:00,256,462.08148,4.92719,2276.76416,517.49963,5.07439,2625.99316,26.84241,14.97280,,,,
2023-01-04T14:31:09+01:00,257,472.12579,4.92244,2324.01147,519.40784,5.03641,2615.95166,26.81885,15.09041,,,,
2023-01-04T14:31:35+01:00,258,452.51065,5.01267,2268.28809,514.15991,5.06015,2601.72461,26.79342,15.21633,,,,
2023-01-04T14:32:13+01:00,259,501.27277,4.98418,2498.43555,508.43335,5.04116,2563.09351,26.77121,15.32541,,,,
2023-01-04T14:32:41+01:00,260,444.37177,5.04116,2240.14868,519.40784,4.91769,2554.28735,26.73760,15.48888,,,,
2023-01-04T14:33:09+01:00,261,450.59592,4.99368,2250.13232,517.49963,4.91769,2544.90332,26.71326,15.60618,,,,
2023-01-04T14:33:37+01:00,262,476.90695,5.01267,2390.57886,516.54553,4.89869,2530.39575,26.68874,15.72341,,,,
2023-01-04T14:34:06+01:00,263,451.07462,5.00793,2258.94800,509.38791,4.99368,2543.72070,26.66404,15.84055,,,,
2023-01-04T14:34:34+01:00,264,431.91748,5.13133,2216.31299,514.63708,4.91769,2530.82617,26.63916,15.95763,,,,
2023-01-04T14:35:02+01:00,265,487.42145,4.97469,2424.76880,522.26971,4.85593,2536.10352,26.61411,16.07462,,,,
2023-01-04T14:35:34+01:00,266,428.56305,5.09812,2184.86450,518.45374,4.84642,2512.64624,26.58887,16.19156,,,,
2023-01-04T14:36:05+01:00,267,410.82297,5.33052,2189.89868,510.34241,5.01267,2558.17969,26.55982,16.32510,,,,
2023-01-04T14:36:33+01:00,268,448.20224,4.96994,2227.53711,514.63708,5.01267,2579.70752,26.53145,16.45437,,,,
2023-01-04T14:37:01+01:00,269,476.90695,5.00318,2386.05029,511.77408,4.96994,2543.48511,26.50563,16.57106,,,,
2023-01-04T14:37:27+01:00,270,443.89288,5.07913,2254.59106,509.86517,5.04591,2572.73169,26.47965,16.68766,,,,
2023-01-04T14:37:55+01:00,271,444.37177,4.96519,2206.38965,518.93079,4.89394,2539.61523,26.45536,16.79588,,,,
2023-01-04T14:38:22+01:00,272,455.86096,4.89869,2233.12109,522.26971,4.89869,2558.43677,26.42902,16.91235,,,,
2023-01-04T14:38:48+01:00,273,441.01947,5.01267,2210.68652,498.88531,5.09812,2543.37573,26.40347,17.02457,,,,
2023-01-04T14:39:17+01:00,274,447.72348,4.91769,2201.76587,514.15991,4.96994,2555.34253,26.37775,17.13673,,,,
2023-01-04T14:39:48+01:00,275,462.08148,4.90344,2265.78857,521.79272,4.84642,2528.82837,26.35090,17.25297,,,,
2023-01-04T14:40:16+01:00,276,461.60303,5.04116,2327.01440,510.34241,4.96044,2531.52246,26.32097,17.38157,,,,
2023-01-04T14:40:43+01:00,277,443.89288,4.90819,2178.71069,506.04678,5.01742,2539.04980,26.29376,17.49765,,,,
2023-01-04T14:41:11+01:00,278,434.31314,5.00793,2175.00781,504.61472,5.00318,2524.67700,26.26735,17.60950,,,,
2023-01-04T14:42:05+01:00,279,484.07654,4.91294,2378.23950,511.77408,5.04116,2579.93457,26.23978,17.72542,,,,
2023-01-04T14:42:38+01:00,280,435.27133,5.03641,2192.20557,511.77408,4.93669,2526.47070,26.18614,17.94876,,,,
2023-01-04T14:43:08+01:00,281,441.01947,5.05065,2227.43628,507.95605,5.03641,2558.27588,26.15303,18.08509,,,,
2023-01-04T14:43:36+01:00,282,465.43015,4.96044,2308.73804,511.77408,4.93194,2524.03979,26.12273,18.20893,,,,
2023-01-04T14:44:04+01:00,283,443.41403,5.07913,2252.15894,507.00146,5.02692,2548.65430,26.09427,18.32443,,,,
2023-01-04T14:44:33+01:00,284,458.25369,4.88444,2238.31079,514.63708,5.10761,2628.56470,26.06460,18.44397,,,,
2023-01-04T14:45:02+01:00,285,450.11722,4.96994,2237.05444,506.04678,4.93194,2495.79321,26.03475,18.56343,,,,
2023-01-04T14:45:31+01:00,286,434.79227,4.97943,2165.01978,501.27277,5.03166,2522.23633,26.00575,18.67869,,,,
2023-01-04T14:46:08+01:00,287,490.76578,4.89394,2401.77734,507.95605,5.03641,2558.27588,25.97554,18.79795,,,,
2023-01-04T14:46:39+01:00,288,470.21298,4.87968,2294.49121,508.43335,5.04116,2563.09351,25.93672,18.95001,,,,
2023-01-04T14:47:08+01:00,289,436.70853,5.02692,2195.29761,506.04678,4.93669,2498.19678,25.90396,19.07730,,,,
2023-01-04T14:47:39+01:00,290,439.10361,4.99368,2192.74341,505.56943,5.01267,2534.25439,25.87313,19.19629,,,,
2023-01-04T14:48:10+01:00,291,444.37177,4.98893,2216.94067,516.54553,4.89869,2530.39575,25.83996,19.32337,,,,
2023-01-04T14:48:45+01:00,292,459.68921,5.00318,2299.90674,503.65991,4.98893,2512.72534,25.80659,19.45036,,,,
2023-01-04T14:49:15+01:00,293,449.15976,4.96519,2230.16284,507.95605,5.03166,2555.86450,25.76866,19.59360,,,,
2023-01-04T14:49:46+01:00,294,465.90848,5.01267,2335.44702,501.27277,4.96994,2491.29419,25.73593,19.71627,,,,
2023-01-04T14:50:18+01:00,295,427.60455,5.04116,2155.62256,514.15991,4.94144,2540.69092,25.70190,19.84294,,,,
2023-01-04T14:50:47+01:00,296,452.98929,4.86543,2203.98779,504.13733,4.99368,2517.50098,25.66657,19.97356,,,,
2023-01-04T14:51:15+01:00,297,462.55988,4.93194,2281.31836,508.43335,4.97943,2531.71069,25.63434,20.09185,,,,
2023-01-04T14:51:46+01:00,298,433.35492,4.96994,2153.74683,502.70508,4.96994,2498.41284,25.60306,20.20598,,,,
2023-01-04T14:52:16+01:00,299,446.28711,4.93669,2203.18164,491.24347,5.16929,2539.37988,25.56823,20.33222,,,,
2023-01-04T14:52:47+01:00,300,442.45624,5.01742,2219.98926,508.91064,4.96044,2524.42041,25.53433,20.45430,,,,
2023-01-04T14:53:18+01:00,301,451.07462,5.01742,2263.23145,524.17737,4.82741,2530.42090,25.49795,20.58440,,,,
2023-01-04T14:53:49+01:00,302,453.46796,5.05540,2292.46191,502.70508,4.98418,2505.57446,25.46364,20.70626,,,,
2023-01-04T14:54:21+01:00,303,430.00073,5.03166,2163.61938,514.15991,4.90344,2521.15210,25.42799,20.83207,,,,
2023-01-04T14:54:54+01:00,304,445.80829,5.04591,2249.50684,508.43335,4.93669,2509.97852,25.39097,20.96184,,,,
2023-01-04T14:55:24+01:00,305,447.24469,5.01267,2241.89160,508.43335,5.03641,2560.67969,25.35256,21.09553,,,,
2023-01-04T14:56:01+01:00,306,474.51651,4.97469,2360.57080,501.27277,5.01267,2512.71655,25.31745,21.21696,,,,
2023-01-04T14:56:33+01:00,307,434.31314,4.97943,2162.63403,522.74664,4.80840,2513.57617,25.27387,21.36659,,,,
2023-01-04T14:57:08+01:00,308,473.08212,4.76562,2254.52979,506.04678,5.01742,2539.04980,25.23595,21.49587,,,,
2023-01-04T14:57:38+01:00,309,446.76590,4.90344,2190.68945,505.56943,5.00318,2529.45361,25.19423,21.63713,,,,
2023-01-04T14:58:09+01:00,310,442.45624,4.96519,2196.87866,516.06842,4.83217,2493.72827,25.15825,21.75810,,,,
2023-01-04T14:58:39+01:00,311,424.72873,5.05065,2145.15747,508.91064,5.01267,2551.00293,25.12088,21.88299,,,,
2023-01-04T14:59:10+01:00,312,434.31314,5.01742,2179.13208,505.09207,5.01267,2531.86157,25.08452,22.00374,,,,
2023-01-04T14:59:42+01:00,313,464.47345,4.90344,2277.51758,504.61472,5.04116,2543.84302,25.04675,22.12840,,,,
2023-01-04T15:00:13+01:00,314,419.45529,5.11235,2144.40381,503.65991,5.02692,2531.85645,25.00755,22.25698,,,,
2023-01-04T15:00:48+01:00,315,475.95084,4.87493,2320.22876,502.22766,4.98418,2503.19507,24.96936,22.38142,,,,
2023-01-04T15:01:20+01:00,316,419.93475,5.03641,2114.96436,497.93024,4.94619,2462.85791,24.92477,22.52577,,,,
2023-01-04T15:01:50+01:00,317,447.24469,5.01742,2244.01489,506.52414,5.02217,2543.84985,24.88615,22.64997,,,,
2023-01-04T15:02:21+01:00,318,417.53732,5.20250,2172.23584,486.46582,5.05540,2459.27930,24.84859,22.77004,,,,
2023-01-04T15:02:52+01:00,319,418.49631,5.03166,2105.73291,491.24347,5.10286,2506.74805,24.80957,22.89400,,,,
2023-01-04T15:03:23+01:00,320,454.90381,4.66100,2120.30688,503.65991,4.95094,2493.59033,24.77036,23.01785,,,,
2023-01-04T15:03:54+01:00,321,419.93475,5.04591,2118.95142,496.49756,4.96994,2467.56177,24.73094,23.14157,,,,
2023-01-04T15:04:26+01:00,322,425.20807,4.93194,2097.10132,517.49963,4.67051,2416.98901,24.69133,23.26518,,,,
2023-01-04T15:05:21+01:00,323,449.15976,5.03641,2262.15356,504.61472,4.79890,2421.59375,24.65023,23.39267,,,,
2023-01-04T15:05:51+01:00,324,424.72873,4.96519,2108.85815,494.58716,4.94144,2443.97339,24.57909,23.61148,,,,
2023-01-04T15:06:22+01:00,325,406.02557,5.04116,2046.83948,503.65991,4.86068,2448.12891,24.54003,23.73067,,,,
2023-01-04T15:06:52+01:00,326,396.90732,5.15506,2046.08020,496.01999,4.90344,2432.20410,24.49946,23.85373,,,,
2023-01-04T15:07:28+01:00,327,420.89365,5.21198,2193.68970,489.81030,4.91769,2408.73584,24.46003,23.97270,,,,
2023-01-04T15:08:09+01:00,328,433.35492,4.83692,2096.10254,500.79529,4.96044,2484.16455,24.41246,24.11530,,,,
2023-01-04T15:08:42+01:00,329,422.33188,5.05540,2135.05664,495.06476,4.95569,2453.38745,24.35795,24.27754,,,,
2023-01-04T15:09:19+01:00,330,434.31314,4.95094,2150.25854,508.43335,4.86543,2473.74707,24.31384,24.40796,,,,
2023-01-04T15:09:49+01:00,331,429.52151,4.92719,2116.33496,501.27277,4.96994,2491.29419,24.26410,24.55404,,,,
2023-01-04T15:10:20+01:00,332,426.16669,5.04116,2148.37402,498.88531,4.98418,2486.53613,24.22358,24.67234,,,,
2023-01-04T15:10:49+01:00,333,442.93512,5.10286,2260.23706,491.72119,5.10761,2511.51929,24.18152,24.79447,,,,
2023-01-04T15:11:17+01:00,334,419.93475,4.97943,2091.03784,500.79529,4.91769,2462.75659,24.14199,24.90861,,,,
2023-01-04T15:11:50+01:00,335,439.10361,5.06964,2226.09717,490.76578,4.96044,2434.41382,24.10366,25.01872,,,,
2023-01-04T15:12:21+01:00,336,466.86511,4.90344,2289.24487,500.79529,4.91294,2460.37769,24.05829,25.14836,,,,
2023-01-04T15:12:50+01:00,337,430.00073,4.84642,2083.96558,499.84033,4.96044,2479.42749,24.01546,25.27002,,,,
2023-01-04T15:13:20+01:00,338,429.52151,4.94144,2122.45532,496.01999,4.91769,2439.27319,23.97523,25.38372,,,,
2023-01-04T15:13:49+01:00,339,410.34326,5.01267,2056.91675,505.09207,4.85118,2450.29028,23.93343,25.50123,,,,
2023-01-04T15:14:19+01:00,340,414.66000,5.00793,2076.58643,498.88531,4.94619,2467.58203,23.89285,25.61471,,,,
2023-01-04T15:14:47+01:00,341,417.53732,4.96044,2071.16846,497.93024,4.94619,2462.85791,23.85069,25.73199,,,,
2023-01-04T15:15:16+01:00,342,408.42441,5.01267,2047.29810,496.49756,5.00793,2486.42285,23.80977,25.84525,,,,
2023-01-04T15:15:45+01:00,343,414.18042,4.99368,2068.28491,497.93024,4.93194,2455.76270,23.77011,25.95449,,,,
2023-01-04T15:16:14+01:00,344,404.10629,5.06015,2044.83716,503.65991,4.99368,2515.11694,23.72886,26.06754,,,,
2023-01-04T15:16:42+01:00,345,444.37177,4.82741,2145.16626,500.31781,4.96044,2481.79614,23.68745,26.18049,,,,
2023-01-04T15:17:11+01:00,346,410.34326,4.98418,2045.22620,499.84033,4.95569,2477.05371,23.64730,26.28944,,,,
2023-01-04T15:17:40+01:00,347,407.46490,5.21672,2125.63184,483.59866,5.14557,2488.39014,23.60556,26.40216,,,,
2023-01-04T15:18:09+01:00,348,409.38385,5.06015,2071.54248,497.93024,5.03166,2505.41772,23.56365,26.51477,,,,
2023-01-04T15:18:37+01:00,349,433.83405,5.02692,2180.84766,507.95605,4.83217,2454.52808,23.52158,26.62728,,,,
2023-01-04T15:19:06+01:00,350,439.10361,4.95569,2176.06128,497.45270,5.07913,2526.62842,23.48080,26.73581,,,,
2023-01-04T15:19:35+01:00,351,397.86734,5.10286,2030.26245,504.61472,5.01742,2531.86450,23.43841,26.84810,,,,
2023-01-04T15:20:03+01:00,352,425.20807,4.99368,2123.35352,496.01999,4.92244,2441.62939,23.39585,26.96029,,,,
2023-01-04T15:20:32+01:00,353,400.74710,5.06015,2027.83911,495.06476,5.02217,2486.29883,23.35460,27.06849,,,,
2023-01-04T15:21:01+01:00,354,448.20224,4.86543,2180.69678,474.03839,5.21198,2470.67920,23.31172,27.18046,,,,
2023-01-04T15:21:30+01:00,355,414.66000,5.12184,2123.82397,494.58716,4.99843,2472.15894,23.26867,27.29231,,,,
2023-01-04T15:21:59+01:00,356,404.58612,4.99368,2020.37402,498.40778,4.94619,2465.21997,23.22546,27.40406,,,,
2023-01-04T15:22:28+01:00,357,439.10361,4.87493,2140.60107,494.58716,4.90819,2427.52783,23.18209,27.51569,,,,
2023-01-04T15:23:01+01:00,358,400.74710,5.02692,2014.52246,496.01999,4.91769,2439.27319,23.13856,27.62720,,,,
2023-01-04T15:23:33+01:00,359,396.42728,5.08388,2015.38831,499.36282,4.96519,2479.43066,23.08882,27.75397,,,,
2023-01-04T15:24:06+01:00,360,396.90732,5.07439,2014.06116,497.45270,4.97943,2477.03345,23.04039,27.87677,,,,
2023-01-04T15:24:35+01:00,361,428.56305,5.10286,2186.89844,511.77408,4.82741,2470.54517,22.99024,28.00325,,,,
2023-01-04T15:25:16+01:00,362,448.20224,4.97469,2229.66553,501.75021,4.90344,2460.30176,22.94600,28.11429,,,,
2023-01-04T15:25:45+01:00,363,415.13959,4.98418,2069.13208,497.93024,4.89394,2436.83984,22.88318,28.27107,,,,
2023-01-04T15:26:13+01:00,364,424.72873,4.86543,2066.48804,514.63708,4.82266,2481.92017,22.83854,28.38184,,,,
2023-01-04T15:26:44+01:00,365,383.94250,5.10286,1959.20593,493.15421,4.90344,2418.15186,22.79531,28.48867,,,,
2023-01-04T15:27:16+01:00,366,406.98514,4.92719,2005.29382,495.54239,4.90819,2432.21631,22.74726,28.60684,,,,
2023-01-04T15:28:11+01:00,367,415.61917,4.93669,2051.78345,487.42145,5.00318,2438.65601,22.69591,28.73248,,,,
2023-01-04T15:28:44+01:00,368,386.82431,5.11235,1977.58276,498.88531,4.96044,2474.69019,22.61144,28.93775,,,,
2023-01-04T15:29:29+01:00,369,410.82297,5.03641,2069.07373,487.42145,4.97469,2424.76880,22.55955,29.06301,,,,
2023-01-04T15:30:15+01:00,370,408.42441,5.06015,2066.68750,494.10953,4.89869,2420.48877,22.48846,29.23359,,,,
2023-01-04T15:30:48+01:00,371,413.70081,5.06489,2095.35059,496.49756,4.98893,2476.99292,22.41381,29.41144,,,,
2023-01-04T15:31:30+01:00,372,407.46490,4.97469,2027.01001,488.37701,5.06015,2471.25928,22.36275,29.53237,,,,
2023-01-04T15:32:03+01:00,373,362.31546,5.38739,1951.93384,497.93024,4.95094,2465.22314,22.29544,29.69086,,,,
2023-01-04T15:32:36+01:00,374,397.38733,4.97469,1976.87720,493.63187,4.90344,2420.49390,22.24233,29.81523,,,,
2023-01-04T15:33:11+01:00,375,375.77509,5.17878,1946.05579,491.24347,4.96519,2439.11646,22.18901,29.93946,,,,
2023-01-04T15:33:45+01:00,376,386.34406,5.07913,1962.29285,486.46582,4.98418,2424.63501,22.13224,30.07105,,,,
2023-01-04T15:34:23+01:00,377,381.54068,5.04591,1925.21838,496.01999,4.93669,2448.69751,22.07525,30.20247,,,,
2023-01-04T15:34:56+01:00,378,390.18588,5.07913,1981.80603,480.73108,5.07913,2441.69702,22.01476,30.34121,,,,
2023-01-04T15:35:26+01:00,379,415.13959,4.87968,2025.75037,493.63187,4.90344,2420.49390,21.96059,30.46481,,,,
2023-01-04T15:36:01+01:00,380,407.46490,5.00793,2040.55383,485.03229,5.00318,2426.70264,21.91118,30.57703,,,,
2023-01-04T15:36:35+01:00,381,382.50143,5.21198,1993.59033,486.46582,5.04591,2454.66089,21.85332,30.70781,,,,
2023-01-04T15:37:10+01:00,382,387.78482,5.10286,1978.81274,481.20905,5.05540,2432.70410,21.79691,30.83469,,,,
2023-01-04T15:37:42+01:00,383,382.50143,5.10761,1953.66748,484.07654,4.99843,2419.62231,21.73861,30.96514,,,,
2023-01-04T15:38:15+01:00,384,393.54687,5.04591,1985.80054,492.19888,4.89869,2411.12915,21.68344,31.08798,,,,
2023-01-04T15:38:50+01:00,385,394.02698,5.01267,1975.12854,488.37701,4.93669,2410.96655,21.62976,31.20694,,,,
2023-01-04T15:39:25+01:00,386,395.94727,4.98893,1975.35425,476.42889,5.18827,2471.83960,21.57083,31.33692,,,,
2023-01-04T15:39:58+01:00,387,385.38345,4.97943,1918.99182,476.90695,5.01267,2390.57886,21.51169,31.46671,,,,
2023-01-04T15:40:32+01:00,388,378.65808,5.10761,1934.03711,497.93024,5.03641,2507.78174,21.45572,31.58893,,,,
2023-01-04T15:41:07+01:00,389,407.46490,4.96994,2025.07507,481.68698,4.96994,2393.95410,21.39785,31.71470,,,,
2023-01-04T15:41:41+01:00,390,378.17761,5.01267,1895.68091,480.25311,5.01267,2407.35205,21.33807,31.84402,,,,
2023-01-04T15:42:16+01:00,391,389.70569,5.04591,1966.41833,487.42145,4.86068,2369.19897,21.27979,31.96946,,,,
2023-01-04T15:42:51+01:00,392,404.58612,5.04116,2039.58301,494.58716,4.97469,2460.41577,21.21957,32.09843,,,,
2023-01-04T15:43:27+01:00,393,395.94727,4.82266,1909.51941,491.72119,4.93669,2427.47583,21.15742,32.23091,,,,
2023-01-04T15:44:02+01:00,394,381.06027,5.06964,1931.83850,495.54239,4.91294,2434.57056,21.09677,32.35954,,,,
2023-01-04T15:44:37+01:00,395,365.68124,5.23095,1912.86096,491.24347,4.96994,2441.44922,21.03590,32.48800,,,,
2023-01-04T15:45:12+01:00,396,375.77509,5.04591,1896.12573,483.59866,4.99368,2414.93750,20.97482,32.61629,,,,
2023-01-04T15:45:48+01:00,397,389.70569,5.10286,1988.61462,494.58716,4.91294,2429.87744,20.91353,32.74441,,,,
2023-01-04T15:46:24+01:00,398,390.66608,5.04116,1969.40991,496.01999,4.91769,2439.27319,20.85026,32.87601,,,,
2023-01-04T15:46:56+01:00,399,394.02698,5.04591,1988.22314,490.76578,4.87018,2390.11865,20.78677,33.00744,,,,
2023-01-04T15:47:31+01:00,400,400.26715,4.99843,2000.70703,484.07654,4.87018,2357.54077,20.72837,33.12775,,,,
2023-01-04T15:48:04+01:00,401,373.85284,5.14557,1923.68555,472.60394,4.96994,2348.81201,20.66801,33.25156,,,,
2023-01-04T15:48:34+01:00,402,396.42728,4.88919,1938.20728,500.79529,4.96519,2486.54297,20.60923,33.37156,,,,
2023-01-04T15:49:06+01:00,403,371.44980,4.96994,1846.08228,498.88531,4.77037,2379.86963,20.55384,33.48415,,,,
2023-01-04T15:49:36+01:00,404,374.81400,4.99843,1873.48120,486.94363,4.90819,2390.01196,20.49829,33.59663,,,,
2023-01-04T15:50:07+01:00,405,413.70081,4.87018,2014.79822,464.47345,5.08388,2361.32690,20.44257,33.70895,,,,
2023-01-04T15:50:40+01:00,406,364.23883,5.00318,1822.35156,483.59866,4.83217,2336.82910,20.38850,33.81753,,,,
2023-01-04T15:51:08+01:00,407,389.70569,5.06015,1971.96802,485.03229,4.80840,2332.23047,20.32884,33.93682,,,,
2023-01-04T15:51:50+01:00,408,410.34326,4.67527,1918.46558,494.58716,5.07439,2509.72656,20.27807,34.03793,,,,
2023-01-04T15:52:23+01:00,409,377.69714,4.83217,1825.09534,484.07654,4.88919,2366.74097,20.20167,34.18937,,,,
2023-01-04T15:53:01+01:00,410,385.38345,4.97943,1918.99182,490.28806,4.86068,2383.13281,20.14144,34.30819,,,,
2023-01-04T15:53:34+01:00,411,364.23883,5.06015,1843.10193,484.55441,4.80365,2327.62964,20.07001,34.44842,,,,
2023-01-04T15:54:04+01:00,412,357.50623,5.01267,1792.06189,480.25311,4.87968,2343.48389,20.01122,34.56331,,,,
2023-01-04T15:54:52+01:00,413,402.66672,4.80365,1934.26978,481.68698,5.02692,2421.40039,19.95410,34.67450,,,,
2023-01-04T15:55:24+01:00,414,362.79633,4.96519,1801.35217,488.85480,4.84642,2369.19727,19.86720,34.84278,,,,
2023-01-04T15:55:59+01:00,415,390.18588,5.07439,1979.95398,486.94363,4.86543,2369.19043,19.80781,34.95720,,,,
2023-01-04T15:56:32+01:00,416,364.23883,5.04116,1836.18591,491.24347,4.86543,2390.11084,19.74267,35.08218,,,,
2023-01-04T15:57:04+01:00,417,357.98721,5.03166,1801.27148,479.77512,4.83217,2318.35303,19.68107,35.19986,,,,
2023-01-04T15:57:35+01:00,418,372.41104,4.89869,1824.32581,493.15421,4.90344,2418.15186,19.61928,35.31738,,,,
2023-01-04T15:58:08+01:00,419,387.30457,4.96994,1924.87939,474.51651,5.01742,2380.84912,19.56296,35.42410,,,,
2023-01-04T15:58:44+01:00,420,349.32785,5.16929,1805.77698,482.64285,4.90344,2366.61011,19.50083,35.54133,,,,
2023-01-04T15:59:17+01:00,421,359.91101,5.12184,1843.40820,473.56027,5.01267,2373.80298,19.43286,35.66904,,,,
2023-01-04T15:59:49+01:00,422,367.60428,4.99368,1835.69849,488.85480,4.84642,2369.19727,19.37036,35.78596,,,,
2023-01-04T16:00:23+01:00,423,357.98721,5.00793,1792.77332,476.90695,4.99843,2383.78564,19.30769,35.90273,,,,
2023-01-04T16:00:57+01:00,424,357.98721,5.07439,1816.56555,492.67654,4.87968,2404.10620,19.24483,36.01935,,,,
2023-01-04T16:01:32+01:00,425,373.85284,4.92244,1840.26880,473.56027,4.96994,2353.56494,19.17798,36.14287,,,,
2023-01-04T16:02:28+01:00,426,400.26715,5.03641,2015.91016,487.89923,4.85593,2369.20312,19.11285,36.26270,,,,
2023-01-04T16:02:59+01:00,427,348.36545,5.05540,1761.12671,477.38501,4.94619,2361.23730,19.00324,36.46321,,,,
2023-01-04T16:03:34+01:00,428,368.08499,5.10761,1880.03394,488.85480,4.84642,2369.19727,18.94534,36.56858,,,,
2023-01-04T16:04:14+01:00,429,385.86377,5.10286,1969.00989,467.34341,5.04116,2355.95264,18.87761,36.69134,,,,
2023-01-04T16:05:07+01:00,430,395.94727,5.03166,1992.27380,484.07654,4.92719,2385.13794,18.79803,36.83492,,,,
2023-01-04T16:05:40+01:00,431,353.65802,4.89869,1732.46057,474.03839,5.01267,2376.19971,18.69670,37.01670,,,,
2023-01-04T16:06:23+01:00,432,379.61899,4.97469,1888.48535,480.73108,4.98418,2396.05200,18.63218,37.13187,,,,
2023-01-04T16:06:56+01:00,433,346.92178,5.11710,1775.23315,496.97513,4.92719,2448.69165,18.54784,37.28170,,,,
2023-01-04T16:07:29+01:00,434,354.62015,4.92244,1745.59692,481.68698,4.85593,2339.03687,18.48293,37.39653,,,,
2023-01-04T16:08:04+01:00,435,337.29465,5.09337,1717.96680,486.94363,5.01742,2443.20142,18.41784,37.51119,,,,
2023-01-04T16:08:37+01:00,436,355.10120,5.05065,1793.49292,478.34109,4.91294,2350.06152,18.34863,37.63263,,,,
2023-01-04T16:09:13+01:00,437,363.27719,4.86543,1767.49988,476.90695,4.96994,2370.19775,18.28319,37.74699,,,,
2023-01-04T16:09:48+01:00,438,378.65808,4.83692,1831.53845,482.16492,4.79414,2311.56738,18.21161,37.87157,,,,
2023-01-04T16:10:19+01:00,439,357.02524,5.06015,1806.60010,472.12579,4.96519,2344.19360,18.14183,37.99252,,,,
2023-01-04T16:10:52+01:00,440,340.66467,4.94619,1684.99243,459.21072,4.96519,2280.06787,18.07986,38.09951,,,,
2023-01-04T16:11:23+01:00,441,331.51608,5.27363,1748.29285,483.12076,4.92244,2378.13354,18.01374,38.21325,,,,
2023-01-04T16:11:54+01:00,442,348.36545,4.83692,1685.01538,483.12076,4.78939,2313.85327,17.95147,38.31995,,,,
2023-01-04T16:12:25+01:00,443,338.73901,5.01742,1699.59631,471.64758,4.97943,2348.53857,17.88906,38.42654,,,,
2023-01-04T16:13:06+01:00,444,388.26505,4.93669,1916.74463,470.69119,4.93194,2321.42139,17.82650,38.53298,,,,
2023-01-04T16:13:37+01:00,445,357.02524,5.07913,1813.37866,494.58716,4.90344,2425.17822,17.74353,38.67356,,,,
2023-01-04T16:14:10+01:00,446,351.25247,5.09812,1790.72620,466.86511,4.89869,2287.02686,17.68063,38.77969,,,,
2023-01-04T16:14:42+01:00,447,319.95395,5.17878,1656.97058,467.34341,4.92719,2302.69067,17.61147,38.89596,,,,
2023-01-04T16:15:17+01:00,448,326.21762,5.03641,1642.96631,455.38239,5.01742,2284.84521,17.54827,39.00181,,,,
2023-01-04T16:15:48+01:00,449,333.92404,5.03641,1681.77893,480.25311,5.00793,2405.07178,17.47674,39.12117,,,,
2023-01-04T16:16:19+01:00,450,381.06027,4.56584,1739.86084,450.59592,5.08862,2292.91357,17.41323,39.22675,,,,
2023-01-04T16:16:52+01:00,451,329.10788,5.01267,1649.71033,454.90381,4.91769,2237.07642,17.34958,39.33220,,,,
2023-01-04T16:17:23+01:00,452,341.14606,4.87018,1661.44336,462.08148,4.86068,2246.02954,17.27959,39.44771,,,,
2023-01-04T16:17:55+01:00,453,313.20624,5.36843,1681.42651,475.95084,4.85593,2311.18262,17.21564,39.55288,,,,
2023-01-04T16:18:26+01:00,454,332.47931,4.94144,1642.92688,475.95084,4.91294,2338.31836,17.15155,39.65792,,,,
2023-01-04T16:19:01+01:00,455,367.60428,4.55632,1674.92383,480.25311,4.88919,2348.04736,17.08731,39.76284,,,,
2023-01-04T16:19:32+01:00,456,322.36328,4.99368,1609.77942,478.34109,4.93669,2361.42236,17.01253,39.88451,,,,
2023-01-04T16:20:09+01:00,457,325.25409,4.96994,1616.49243,458.73221,4.90819,2251.54492,16.94799,39.98913,,,,
2023-01-04T16:20:40+01:00,458,324.77234,4.98418,1618.72498,452.98929,4.93669,2236.26831,16.87286,40.11047,,,,
2023-01-04T16:21:11+01:00,459,315.13437,5.06015,1594.62622,472.12579,4.77037,2252.21680,16.80802,40.21481,,,,
2023-01-04T16:21:41+01:00,460,321.39957,5.01267,1611.07104,439.10361,5.00318,2196.91333,16.74302,40.31903,,,,
2023-01-04T16:22:14+01:00,461,321.88144,5.16455,1662.37146,443.89288,4.96994,2206.11987,16.68000,40.41976,,,,
2023-01-04T16:22:45+01:00,462,296.80936,5.28311,1568.07690,471.16940,4.96519,2339.44482,16.60842,40.53376,,,,
2023-01-04T16:23:18+01:00,463,307.42062,5.15031,1583.31250,483.59866,4.79414,2318.44092,16.54512,40.63424,,,,
2023-01-04T16:23:50+01:00,464,327.18109,4.97469,1627.62329,471.64758,5.02692,2370.93335,16.47535,40.74461,,,,
2023-01-04T16:24:21+01:00,465,332.96091,4.90344,1632.65369,487.42145,4.84167,2359.93433,16.40753,40.85150,,,,
2023-01-04T16:24:51+01:00,466,324.29053,4.90819,1591.67957,453.46796,4.92244,2232.16943,16.34170,40.95491,,,,
2023-01-04T16:25:25+01:00,467,318.99011,4.88919,1559.60242,473.08212,4.80365,2272.52075,16.27573,41.05819,,,,
2023-01-04T16:25:56+01:00,468,310.79578,5.05065,1569.72156,443.89288,4.91294,2180.81958,16.20535,41.16800,,,,
2023-01-04T16:26:30+01:00,469,321.39957,4.98418,1601.91455,458.25369,5.08862,2331.88110,16.13696,41.27435,,,,
2023-01-04T16:27:03+01:00,470,319.47205,5.00318,1598.37537,443.89288,4.96994,2206.11987,16.06628,41.38387,,,,
2023-01-04T16:27:36+01:00,471,316.09839,5.21198,1647.49890,428.56305,5.13608,2201.13379,15.99544,41.49324,,,,
2023-01-04T16:28:14+01:00,472,297.77423,5.14557,1532.21777,438.62463,5.16929,2267.37793,15.92231,41.60577,,,,
2023-01-04T16:28:51+01:00,473,314.65234,4.94144,1554.83606,462.55988,4.89869,2265.93677,15.84253,41.72806,,,,
2023-01-04T16:29:28+01:00,474,296.80936,5.19301,1541.33350,460.16769,4.97469,2289.18994,15.76039,41.85347,,,,
2023-01-04T16:30:09+01:00,475,297.77423,5.08388,1513.84814,471.64758,4.97469,2346.29858,15.68022,41.97539,,,,
2023-01-04T16:30:46+01:00,476,329.58954,5.06489,1669.33594,435.75043,5.01742,2186.34351,15.59335,42.10697,,,,
2023-01-04T16:31:28+01:00,477,348.84665,4.87018,1698.94666,437.18756,4.96519,2170.71875,15.51280,42.22851,,,,
2023-01-04T16:32:24+01:00,478,348.36545,4.92244,1714.80847,467.34341,4.79414,2240.51099,15.42112,42.36625,,,,
2023-01-04T16:33:20+01:00,479,321.39957,4.83217,1553.05615,422.33188,5.13133,2167.12598,15.29632,42.55281,,,,
2023-01-04T16:33:57+01:00,480,290.53635,4.96994,1443.94739,408.90414,5.06015,2069.11499,15.17548,42.73242,,,,
2023-01-04T16:34:37+01:00,481,266.87421,5.10286,1361.82251,406.98514,5.00793,2038.15125,15.09396,42.85301,,,,
2023-01-04T16:35:32+01:00,482,299.22150,5.03641,1507.00269,409.86356,4.89394,2005.84680,15.00341,42.98644,,,,
2023-01-04T16:36:31+01:00,483,295.84439,4.77513,1412.69495,407.46490,5.18827,2114.03613,14.88158,43.16508,,,,
2023-01-04T16:37:07+01:00,484,273.15466,5.07439,1386.09241,426.64600,4.69429,2002.80212,14.75266,43.35303,,,,
2023-01-04T16:38:07+01:00,485,326.69934,4.66100,1522.74573,437.66660,4.88919,2139.83398,14.67242,43.46947,,,,
2023-01-04T16:39:05+01:00,486,294.87939,4.76087,1403.88135,404.10629,4.90344,1981.51074,14.53607,43.66637,,,,
2023-01-04T16:39:51+01:00,487,246.56996,5.19775,1281.60950,404.10629,5.08388,2054.42749,14.40596,43.85316,,,,
2023-01-04T16:40:50+01:00,488,310.79578,4.87968,1516.58545,382.50143,5.01742,1919.17078,14.30471,43.99776,,,,
2023-01-04T16:41:32+01:00,489,254.79085,5.22621,1331.59033,389.70569,5.06964,1975.66760,14.17156,44.18697,,,,
2023-01-04T16:42:36+01:00,490,304.04492,4.96519,1509.64038,436.70853,4.77037,2083.26318,14.07650,44.32138,,,,
2023-01-04T16:43:22+01:00,491,266.87421,4.89869,1307.33374,406.02557,4.93669,2004.42285,13.93121,44.52576,,,,
2023-01-04T16:44:10+01:00,492,262.52505,5.03641,1322.18433,399.78723,4.87968,1950.83569,13.82646,44.67232,,,,
2023-01-04T16:44:57+01:00,493,249.95544,5.03641,1258.87854,417.05780,5.05540,2108.39404,13.71686,44.82498,,,,
2023-01-04T16:45:58+01:00,494,299.22150,4.89869,1465.79297,362.79633,5.23095,1897.77014,13.60926,44.97417,,,,
2023-01-04T16:46:40+01:00,495,269.77313,4.93669,1331.78662,390.66608,5.10286,1993.51538,13.46919,45.16738,,,,
2023-01-04T16:47:22+01:00,496,243.18390,5.09812,1239.77991,383.46216,5.03166,1929.45288,13.37248,45.30012,,,,
2023-01-04T16:48:13+01:00,497,257.20810,5.06964,1303.95251,410.34326,5.15031,2113.39648,13.27555,45.43264,,,,
2023-01-04T16:49:00+01:00,498,249.47183,4.96994,1239.85938,390.66608,5.04116,1969.40991,13.15754,45.59327,,,,
2023-01-04T16:49:55+01:00,499,260.10843,4.98893,1297.66345,392.58667,5.04116,1979.09192,13.04850,45.74101,,,,
2023-01-04T16:50:38+01:00,500,244.15140,4.93669,1205.30005,396.90732,4.83692,1919.80847,12.91823,45.91666,,,,
2023-01-04T16:51:21+01:00,501,236.41006,5.17878,1224.31531,389.22549,4.85593,1890.05054,12.82026,46.04816,,,,
2023-01-04T16:52:01+01:00,502,228.66571,5.06964,1159.25293,385.38345,4.87018,1876.88757,12.71741,46.18567,,,,
2023-01-04T16:52:51+01:00,503,253.34035,5.05065,1279.53418,397.86734,4.68003,1862.02966,12.62605,46.30734,,,,
2023-01-04T16:53:56+01:00,504,255.75778,5.24518,1341.49524,369.04642,4.97943,1837.64258,12.50629,46.46618,,,,
2023-01-04T16:54:39+01:00,505,218.98106,5.22621,1144.44092,398.34732,4.92719,1962.73364,12.35556,46.66504,,,,
2023-01-04T16:55:39+01:00,506,251.88974,5.09812,1284.16333,357.98721,5.04116,1804.67053,12.25401,46.79837,,,,
2023-01-04T16:56:16+01:00,507,238.34567,4.88919,1165.31665,372.41104,4.96994,1850.85950,12.10956,46.98712,,,,
2023-01-04T16:56:53+01:00,508,214.13698,5.17878,1108.96790,363.27719,5.11710,1858.92542,12.02412,47.09829,,,,
2023-01-04T16:57:30+01:00,509,222.37123,5.04591,1122.06433,362.31546,5.11235,1852.28479,11.93613,47.21238,,,,
2023-01-04T16:58:08+01:00,510,221.88695,5.17878,1149.10327,364.23883,5.04116,1836.18591,11.84559,47.32940,,,,
2023-01-04T16:58:45+01:00,511,219.94974,5.24518,1153.67566,384.42282,4.94619,1901.42859,11.75728,47.44316,,,,
2023-01-04T16:59:24+01:00,512,214.13698,5.17878,1108.96790,358.46817,4.97943,1784.96899,11.66880,47.55675,,,,
2023-01-04T17:00:04+01:00,513,224.79242,4.94619,1111.86621,358.46817,5.08862,1824.11011,11.57297,47.67936,,,,
2023-01-04T17:00:55+01:00,514,221.88695,5.10761,1133.31165,376.73615,4.88919,1841.93359,11.47935,47.79872,,,,
2023-01-04T17:01:49+01:00,515,233.50629,5.03641,1176.03381,392.10654,4.78939,1877.95081,11.35668,47.95452,,,,
2023-01-04T17:02:34+01:00,516,214.62143,5.27363,1131.83386,373.37225,4.77513,1782.90039,11.22645,48.11915,,,,
2023-01-04T17:03:44+01:00,517,231.57021,5.19775,1203.64453,380.57986,4.92719,1875.18994,11.11767,48.25608,,,,
2023-01-04T17:04:29+01:00,518,220.43405,4.99368,1100.77734,354.62015,5.03641,1786.01306,10.94557,48.47162,,,,
2023-01-04T17:05:16+01:00,519,201.53685,5.21198,1050.40625,348.36545,4.95569,1726.39111,10.83862,48.60489,,,,
2023-01-04T17:06:04+01:00,520,217.52795,5.09812,1108.98291,401.22702,4.88919,1961.67407,10.72171,48.75001,,,,
2023-01-04T17:06:46+01:00,521,188.92879,5.31630,1004.40149,338.25757,5.05540,1710.02722,10.60698,48.89185,,,,
2023-01-04T17:07:33+01:00,522,211.71449,4.77037,1009.95740,348.36545,4.88919,1703.22388,10.50424,49.01839,,,,
2023-01-04T17:08:32+01:00,523,220.43405,5.08862,1121.70618,362.31546,4.92719,1785.19775,10.38658,49.16275,,,,
2023-01-04T17:09:17+01:00,524,194.26393,5.10761,992.22406,355.10120,5.07913,1803.60620,10.24408,49.33679,,,,
2023-01-04T17:09:59+01:00,525,195.71873,5.15506,1008.94141,364.23883,4.96994,1810.24414,10.13325,49.47158,,,,
2023-01-04T17:10:41+01:00,526,202.50636,5.08862,1030.47888,372.41104,4.88444,1819.01794,10.02962,49.59716,,,,
2023-01-04T17:11:32+01:00,527,207.83791,5.06015,1051.69031,377.21664,4.76087,1795.87793,9.92580,49.72252,,,,
2023-01-04T17:12:27+01:00,528,217.04356,4.90344,1064.26001,355.10120,4.93194,1751.33838,9.79698,49.87746,,,,
2023-01-04T17:13:15+01:00,529,196.20364,4.93194,967.66492,348.84665,4.96994,1733.74597,9.66041,50.04100,,,,
2023-01-04T17:14:02+01:00,530,193.77898,5.03166,975.03076,356.54425,4.95094,1765.22937,9.54345,50.18048,,,,
2023-01-04T17:14:56+01:00,531,186.01811,5.20250,967.75830,367.12354,5.02217,1843.75647,9.42625,50.31971,,,,
2023-01-04T17:15:54+01:00,532,199.59766,4.83217,964.48907,333.92404,5.10286,1703.96863,9.29131,50.47935,,,,
2023-01-04T17:16:53+01:00,533,223.82397,4.63246,1036.85510,340.66467,5.01267,1707.64075,9.14350,50.65341,,,,
2023-01-04T17:17:44+01:00,534,206.38399,5.43477,1121.64880,361.35373,4.66576,1685.98877,8.99785,50.82413,,,,
2023-01-04T17:18:28+01:00,535,178.73956,5.15506,921.41278,339.70187,4.96994,1688.29700,8.86697,50.97686,,,,
2023-01-04T17:19:45+01:00,536,226.72916,5.04591,1144.05408,322.84512,5.01742,1619.84998,8.75600,51.10587,,,,
2023-01-04T17:20:32+01:00,537,179.71019,5.04116,905.94769,341.14606,5.05065,1723.01038,8.56386,51.32817,,,,
2023-01-04T17:21:50+01:00,538,178.25424,5.03166,896.91553,351.25247,4.71807,1657.23474,8.44473,51.46534,,,,
2023-01-04T17:22:48+01:00,539,196.68854,5.07439,998.07367,309.34937,5.16455,1597.64905,8.24652,51.69243,,,,
2023-01-04T17:23:46+01:00,540,189.89893,4.90344,931.15790,334.40558,4.66576,1560.25525,8.09876,51.86084,,,,
2023-01-04T17:24:49+01:00,541,183.10701,5.38265,985.60077,315.13437,4.92719,1552.72742,7.94807,52.03181,,,,
2023-01-04T17:26:08+01:00,542,202.02162,4.45159,899.31696,303.08035,4.87968,1478.93665,7.78935,52.21104,,,,
2023-01-04T17:27:03+01:00,543,161.26030,4.90819,791.49622,309.34937,4.66100,1441.87744,7.58654,52.43884,,,,
2023-01-04T17:28:01+01:00,544,163.20319,4.83217,788.62494,295.84439,5.07439,1501.22876,7.44499,52.59702,,,,
2023-01-04T17:29:01+01:00,545,177.28354,5.05065,895.39764,282.81305,4.88919,1382.72595,7.29540,52.76347,,,,
2023-01-04T17:29:55+01:00,546,143.76581,4.93194,709.04456,285.22690,4.90819,1399.94788,7.14028,52.93531,,,,
2023-01-04T17:31:12+01:00,547,158.83141,5.05540,802.95630,299.70389,4.77988,1432.54919,7.00039,53.08962,,,,
2023-01-04T17:32:00+01:00,548,136.95828,4.79890,657.24860,266.87421,4.91294,1311.13721,6.80042,53.30914,,,,
2023-01-04T17:32:56+01:00,549,141.82103,4.91294,696.75836,277.98444,4.68003,1300.97449,6.67549,53.44566,,,,
2023-01-04T17:33:49+01:00,550,130.63496,4.90344,640.56067,263.97488,5.03166,1328.23303,6.52944,53.60463,,,,
2023-01-04T17:35:01+01:00,551,179.71019,5.06015,909.35992,253.82385,4.96994,1261.48865,6.38833,53.75761,,,,
2023-01-04T17:36:23+01:00,552,158.34560,4.17996,661.87823,253.34035,4.91769,1245.84961,6.20237,53.95831,,,,
2023-01-04T17:37:52+01:00,553,122.84968,5.02692,617.55511,276.53564,4.21811,1166.45679,5.98701,54.18946,,,,
2023-01-04T17:38:56+01:00,554,119.92943,4.48016,537.30280,235.92613,5.07439,1197.18042,5.75255,54.43958,,,,
2023-01-04T17:40:05+01:00,555,111.16613,5.13133,570.43060,223.33974,4.93669,1102.55933,5.58349,54.61895,,,,
2023-01-04T17:41:32+01:00,556,127.22927,4.44206,565.16046,211.22995,4.81316,1016.68262,5.39818,54.81465,,,,
2023-01-04T17:42:40+01:00,557,88.75376,5.09812,452.47705,186.98839,5.15506,963.93597,5.16987,55.05442,,,,
2023-01-04T17:44:02+01:00,558,90.70364,5.15031,467.15219,213.65250,4.58488,979.57043,4.98888,55.24350,,,,
2023-01-04T17:45:07+01:00,559,86.31614,4.80365,414.63248,165.14589,5.10761,843.50049,4.77008,55.47088,,,,
2023-01-04T17:47:09+01:00,560,81.92767,4.87968,399.78122,98.98857,4.25625,421.31967,4.59623,55.65067,,,,
2023-01-04T17:48:56+01:00,561,45.32019,4.86068,220.28690,50.20501,4.62770,232.33372,4.26888,55.98703,,,,
2023-01-04T17:50:45+01:00,562,24.30213,4.59439,111.65358,34.56948,4.40872,152.40733,3.97802,56.28360,,,,
2023-01-04T17:52:43+01:00,563,17.94357,4.75136,85.25629,41.90013,4.91294,205.85286,3.68617,56.57906,,,,
2023-01-04T17:54:41+01:00,564,16.47592,4.24671,69.96848,23.81308,3.02721,72.08732,3.36343,56.90338,,,,
2023-01-04T17:56:45+01:00,565,19.90026,4.93194,98.14691,45.80873,4.68478,214.60393,3.04496,57.22097,,,,
2023-01-04T17:58:43+01:00,566,13.05101,4.16565,54.36596,17.94357,4.60391,82.61057,2.70619,57.55621,,,,
2023-01-04T18:00:49+01:00,567,12.56169,4.00343,50.28987,16.47592,4.72758,77.89128,2.38264,57.87395,,,,
2023-01-04T18:02:55+01:00,568,0.00000,0.00000,0.00000,12.56169,4.28008,53.76501,2.03592,58.21188,,,,
2023-01-04T18:04:56+01:00,569,0.00000,0.00000,0.00000,2.28325,0.01032,0.02356,1.68793,58.54842,,,,
2023-01-04T18:07:05+01:00,570,0.00000,0.00000,0.00000,12.56169,4.06547,51.06922,1.35257,58.87033,,,,
2023-01-04T18:09:07+01:00,571,0.00000,0.00000,0.00000,0.00000,0.00000,0.00000,0.99379,59.21217,,,,
2023-01-04T18:11:12+01:00,572,0.00000,0.00000,0.00000,12.56169,0.10287,1.29218,0.65329,59.53420,,,,
2023-01-04T18:13:17+01:00,573,7.17839,0.05416,0.38881,0.00000,0.00000,0.00000,0.30327,59.86287,,,,
2023-01-04T18:15:18+01:00,574,0.00000,0.00000,0.00000,7.17839,0.05416,0.38881,-0.04793,60.19029,,,,
2023-01-04T18:17:19+01:00,575,0.00000,0.00000,0.00000,5.22048,0.02981,0.15561,-0.38897,60.50604,,,,
2023-01-04T18:19:22+01:00,576,3.26237,0.01519,0.04956,0.00000,0.00000,0.00000,-0.73108,60.82067,,,,
2023-01-04T18:21:21+01:00,577,0.00000,0.00000,0.00000,2.28325,0.00545,0.01244,-1.07994,61.13935,,,,
2023-01-04T18:23:22+01:00,578,0.00000,0.00000,0.00000,2.77282,0.01032,0.02862,-1.41844,61.44657,,,,
2023-01-04T18:25:22+01:00,579,0.00000,0.00000,0.00000,0.00000,0.00000,0.00000,-1.76366,61.75789,,,,
